worker,source_file,recording_type,center_seconds,sequence_label,event_subtype,event_peak_acceleration_g,event_peak_gyroscope_dps,event_peak_jerk_g_per_second,event_rotation_integral_deg,posture_change_post_deg,posture_change_late_deg,post_accel_std_g,post_gyro_mean_dps,late_accel_std_g,late_gyro_mean_dps
hong_jean,(die2) HJ motion_data.csv,fall_like,84.16,fall,fall_inactive,6.32845,1110.79972,74.45691,859.58464,158.72393,158.72393,0.00199,0.51335,0.00162,0.48302
hong_jean,(near miss) HJ motion_data.csv,near_miss,53.17,near_miss,near_miss,4.24256,399.01943,95.91929,291.48822,64.06351,65.59875,0.26274,104.93283,0.14516,89.72857
hong_jean,motion_data (hj).csv,normal_work,3.458,normal,normal_work,1.7021,277.57922,16.80006,254.19575,103.69965,101.15511,0.21728,102.99886,0.0035,4.86091
hong_jean,motion_data (hj).csv,normal_work,4.458,normal,normal_work,1.7021,514.77547,23.83961,456.66499,105.37131,105.13151,0.11809,31.35362,0.00412,4.22068
hong_jean,motion_data (hj).csv,normal_work,5.458,normal,normal_work,1.58549,514.77547,23.83961,346.61191,100.09735,99.72623,0.11264,20.42566,0.00556,4.65664
hong_jean,motion_data (hj).csv,normal_work,6.458,normal,normal_work,1.45606,243.19409,10.62584,120.15017,83.99357,83.69375,0.00329,4.9141,0.0566,16.27265
hong_jean,motion_data (hj).csv,normal_work,7.458,normal,normal_work,1.45606,143.18918,10.62584,60.27916,10.1201,11.40003,0.00366,4.58922,0.10966,52.1231
hong_jean,motion_data (hj).csv,normal_work,8.458,normal,normal_work,0.98508,13.6859,0.25548,11.09397,5.94496,5.19321,0.0047,4.07859,0.12214,85.26227
hong_jean,motion_data (hj).csv,normal_work,9.458,normal,normal_work,0.98727,12.73616,0.2827,9.23794,0.3802,3.3918,0.05947,9.7944,0.21683,123.93476
hong_jean,motion_data (hj).csv,normal_work,10.458,normal,normal_work,0.98959,10.6295,0.3844,8.60095,1.07254,7.85794,0.09027,39.09459,0.23403,135.8668
hong_jean,motion_data (hj).csv,normal_work,11.458,normal,normal_work,0.99145,8.2424,0.3844,7.15415,2.26389,8.39132,0.1208,71.67272,0.2431,147.57137
hong_jean,motion_data (hj).csv,normal_work,12.458,normal,normal_work,1.17024,73.05555,3.36187,14.09463,3.82678,9.43091,0.13347,116.75846,0.25722,145.53878
hong_jean,motion_data (hj).csv,normal_work,13.458,normal,normal_work,1.26175,145.77723,9.61382,68.2276,8.54592,20.06936,0.22495,135.09293,0.17852,130.00678
hong_jean,motion_data (hj).csv,normal_work,14.458,normal,normal_work,1.33405,203.6338,10.55625,181.71644,6.76032,23.80761,0.23754,157.97905,0.1573,120.06196
hong_jean,motion_data (hj).csv,normal_work,15.458,normal,normal_work,1.33405,525.51882,10.55625,279.43089,6.8485,36.23661,0.26249,151.63438,0.13983,99.39607
hong_jean,motion_data (hj).csv,normal_work,16.458,normal,normal_work,1.69704,525.51882,10.48077,290.22924,9.43134,56.91462,0.19265,141.70905,0.09122,90.90458
hong_jean,motion_data (hj).csv,normal_work,17.458,normal,normal_work,1.69704,283.83758,10.48077,271.15723,24.93312,70.06983,0.1694,116.91489,0.11928,85.29408
hong_jean,motion_data (hj).csv,normal_work,18.458,normal,normal_work,1.54602,265.84201,14.70862,263.74067,27.82222,77.89665,0.13447,104.66621,0.14812,80.97843
hong_jean,motion_data (hj).csv,normal_work,19.458,normal,normal_work,1.54602,290.08839,15.61285,255.79662,49.87197,79.12606,0.0935,87.47552,0.16531,86.61127
hong_jean,motion_data (hj).csv,normal_work,20.458,normal,normal_work,1.52967,290.08839,15.61285,244.54062,63.68503,77.32525,0.10173,84.64822,0.17054,80.05358
hong_jean,motion_data (hj).csv,normal_work,21.458,normal,normal_work,1.37005,237.96103,12.09619,221.2908,68.53012,70.53403,0.15032,79.52038,0.15458,74.50863
hong_jean,motion_data (hj).csv,normal_work,22.458,normal,normal_work,1.41447,185.66025,12.43367,176.35315,58.76609,56.58389,0.16963,93.43756,0.11463,67.86145
hong_jean,motion_data (hj).csv,normal_work,23.458,normal,normal_work,1.41447,152.12414,12.43367,155.14355,54.70287,49.297,0.17306,83.84966,0.11233,76.67083
hong_jean,motion_data (hj).csv,normal_work,24.458,normal,normal_work,1.31175,152.12414,8.04787,163.76328,29.05649,23.41307,0.1586,75.35895,0.11632,89.20001
hong_jean,motion_data (hj).csv,normal_work,25.458,normal,normal_work,1.52236,234.03704,14.88313,183.41828,16.97871,10.90552,0.11404,64.44681,0.1114,95.5178
hong_jean,motion_data (hj).csv,normal_work,26.458,normal,normal_work,1.52236,234.03704,14.88313,154.89183,2.94641,4.954,0.11067,78.10723,0.16115,86.1803
hong_jean,motion_data (hj).csv,normal_work,27.458,normal,normal_work,1.29102,146.03156,8.84641,119.11491,7.50138,3.82145,0.12419,82.59202,0.29447,88.25736
hong_jean,motion_data (hj).csv,normal_work,28.458,normal,normal_work,1.29102,146.03156,7.44664,135.66545,8.92058,4.97105,0.1082,91.52314,0.31259,79.79296
hong_jean,motion_data (hj).csv,normal_work,29.458,normal,normal_work,1.25567,131.62099,9.23802,150.45505,6.91024,7.69646,0.10041,89.43296,0.3526,77.64265
hong_jean,motion_data (hj).csv,normal_work,30.458,normal,normal_work,1.21416,150.97808,9.23802,173.97346,5.52356,1.7423,0.25939,88.54286,0.45959,104.42526
hong_jean,motion_data (hj).csv,normal_work,31.458,normal,normal_work,1.21416,151.76499,8.82462,184.9363,5.2202,43.27611,0.32504,80.97179,0.42642,111.75624
hong_jean,motion_data (hj).csv,normal_work,32.458,normal,normal_work,1.16929,172.33249,8.82462,195.32614,8.60192,60.46034,0.3395,81.0762,0.41995,110.12203
hong_jean,motion_data (hj).csv,normal_work,33.458,normal,normal_work,1.52594,172.33249,25.07545,168.61938,8.5,67.80969,0.39447,98.78204,0.31619,90.75195
hong_jean,motion_data (hj).csv,normal_work,34.458,normal,normal_work,2.27145,211.08118,42.49756,141.43707,25.68586,67.73521,0.45801,117.79594,0.13159,75.24713
hong_jean,motion_data (hj).csv,normal_work,35.458,normal,normal_work,2.27145,211.08118,42.49756,156.62747,55.60718,68.10276,0.4496,107.52387,0.14442,78.81674
hong_jean,motion_data (hj).csv,normal_work,36.458,normal,normal_work,2.4572,436.34364,37.50957,208.4605,69.93706,75.04626,0.33863,101.3846,0.11992,69.70943
hong_jean,motion_data (hj).csv,normal_work,37.458,normal,normal_work,2.4572,472.00166,48.32207,251.6799,73.73485,75.51107,0.13851,73.72036,0.10477,76.56639
hong_jean,motion_data (hj).csv,normal_work,38.458,normal,normal_work,2.36362,472.00166,48.32207,204.29973,80.06047,79.15781,0.14872,82.23283,0.1259,92.01589
hong_jean,motion_data (hj).csv,normal_work,39.458,normal,normal_work,1.37332,203.57047,8.05416,179.72868,45.41566,45.01604,0.12307,67.59454,0.11175,81.25452
hong_jean,motion_data (hj).csv,normal_work,40.458,normal,normal_work,1.32418,203.57047,8.05416,143.88512,13.42999,24.13424,0.11178,76.71338,0.10028,61.02813
hong_jean,motion_data (hj).csv,normal_work,41.458,normal,normal_work,1.32418,110.87226,5.75249,127.11559,7.81443,20.6196,0.12893,80.74701,0.09167,57.80433
hong_jean,motion_data (hj).csv,normal_work,42.458,normal,normal_work,1.30173,137.42403,10.49137,152.02971,3.72909,5.48697,0.12036,91.19232,0.09058,48.26298
hong_jean,motion_data (hj).csv,normal_work,43.458,normal,normal_work,1.30173,173.34025,10.49137,148.83232,13.54103,28.59135,0.10776,70.37557,0.13831,65.83376
hong_jean,motion_data (hj).csv,normal_work,44.458,normal,normal_work,1.34465,238.71526,9.82625,172.92943,9.45273,11.71559,0.09371,47.7263,0.15596,85.54356
hong_jean,motion_data (hj).csv,normal_work,45.458,normal,normal_work,1.34465,238.71526,9.82625,208.89493,12.48881,8.47751,0.09157,46.13814,0.15629,71.97224
hong_jean,motion_data (hj).csv,normal_work,46.458,normal,normal_work,1.23614,231.49654,9.76904,128.63807,3.43975,42.36381,0.10867,64.94933,0.14596,58.12957
hong_jean,motion_data (hj).csv,normal_work,47.458,normal,normal_work,1.09032,30.1193,2.54953,28.85472,12.55325,39.52493,0.14471,81.85752,0.08876,41.37434
hong_jean,motion_data (hj).csv,normal_work,48.458,normal,normal_work,1.36603,197.35576,8.69227,105.50554,19.33299,29.81644,0.16669,80.72253,0.08173,30.18781
hong_jean,motion_data (hj).csv,normal_work,49.458,normal,normal_work,1.36603,197.35576,8.69227,165.45617,20.61622,30.70099,0.15776,64.75507,0.09217,46.0362
hong_jean,motion_data (hj).csv,normal_work,50.458,normal,normal_work,1.59588,140.76273,16.39505,133.01333,37.24471,11.15161,0.09595,47.01568,0.1003,56.42158
hong_jean,motion_data (hj).csv,normal_work,51.458,normal,normal_work,1.59588,202.98232,16.39505,168.35544,45.83202,10.32152,0.03899,21.97277,0.13736,82.13325
hong_jean,motion_data (hj).csv,normal_work,52.458,normal,normal_work,1.31041,202.98232,12.50699,140.53303,49.97599,3.48495,0.097,42.79237,0.13933,79.62544
hong_jean,motion_data (hj).csv,normal_work,53.458,normal,normal_work,1.17924,80.95755,2.83724,61.99612,27.71223,5.06594,0.10546,57.77944,0.17009,88.60137
hong_jean,motion_data (hj).csv,normal_work,54.458,normal,normal_work,1.02256,47.75993,1.23635,41.75869,33.19668,37.56076,0.11172,73.23146,0.17723,106.04887
hong_jean,motion_data (hj).csv,normal_work,55.458,normal,normal_work,1.34376,104.11073,7.5794,75.42871,60.53433,54.4222,0.11906,76.72797,0.15182,112.99423
hong_jean,motion_data (hj).csv,normal_work,56.458,normal,normal_work,1.34376,187.8183,7.5794,140.3838,57.01468,53.54059,0.16783,88.23014,0.11161,103.28411
hong_jean,motion_data (hj).csv,normal_work,57.458,normal,normal_work,1.13845,187.8183,5.02429,140.36493,51.7845,49.8738,0.19075,101.74132,0.0824,95.53865
hong_jean,motion_data (hj).csv,normal_work,58.458,normal,normal_work,1.19083,151.84733,6.06137,160.83678,27.47239,25.68389,0.15834,111.9776,0.09,78.5313
hong_jean,motion_data (hj).csv,normal_work,59.458,normal,normal_work,1.46117,182.56565,10.53049,192.15319,6.78608,7.64884,0.11872,107.4327,0.09877,70.22063
hong_jean,motion_data (hj).csv,normal_work,60.458,normal,normal_work,1.46117,182.56565,11.55084,183.6289,5.85892,10.03319,0.08302,99.2759,0.11075,66.5483
hong_jean,motion_data (hj).csv,normal_work,61.458,normal,normal_work,1.41707,245.39341,11.55084,212.60158,6.64542,23.02515,0.08834,84.98035,0.1009,50.72042
hong_jean,motion_data (hj).csv,normal_work,62.458,normal,normal_work,1.30277,245.39341,7.96053,243.26629,5.91137,43.03963,0.09593,71.76773,0.08725,36.73637
hong_jean,motion_data (hj).csv,normal_work,63.458,normal,normal_work,1.30277,233.841,7.96053,187.43686,9.93376,47.48345,0.11721,67.09703,0.04626,23.03587
hong_jean,motion_data (hj).csv,normal_work,64.458,normal,normal_work,1.21295,144.4256,8.54103,128.92792,14.90268,40.90598,0.10713,56.34224,0.02268,10.25777
hong_jean,motion_data (hj).csv,normal_work,65.458,normal,normal_work,1.29136,187.51781,8.54103,130.75983,41.05071,37.58186,0.09441,42.06619,0.04919,15.28379
hong_jean,motion_data (hj).csv,normal_work,66.458,normal,normal_work,1.29136,187.51781,5.65009,130.5692,43.45624,36.11003,0.04956,25.03507,0.06228,24.06553
hong_jean,motion_data (hj).csv,normal_work,67.458,normal,normal_work,1.19256,147.28689,6.07141,130.62566,39.92706,26.58821,0.0245,10.24787,0.07317,33.93156
hong_jean,motion_data (hj).csv,normal_work,68.458,normal,normal_work,1.15266,79.20887,6.07141,82.83654,35.32855,18.48005,0.01183,10.32025,0.17014,63.27282
hong_jean,motion_data (hj).csv,normal_work,69.458,normal,normal_work,1.1295,40.72392,4.32495,23.14267,28.77426,9.33856,0.06277,22.17318,0.19959,81.50264
hong_jean,motion_data (hj).csv,normal_work,70.458,normal,normal_work,1.01757,16.65304,0.83658,17.73039,8.1927,26.70363,0.07133,29.4954,0.31067,104.69145
hong_jean,motion_data (hj).csv,normal_work,71.458,normal,normal_work,1.01757,25.38873,0.84004,21.98133,28.47047,20.30057,0.10827,56.16436,0.32857,113.90116
hong_jean,motion_data (hj).csv,normal_work,72.458,normal,normal_work,1.21561,130.13451,2.82119,46.13713,33.88732,27.79475,0.2021,78.16344,0.32167,107.00721
hong_jean,motion_data (hj).csv,normal_work,73.458,normal,normal_work,1.21561,130.13451,3.81718,69.24689,23.66124,21.76052,0.27523,101.77299,0.27993,102.98147
hong_jean,motion_data (hj).csv,normal_work,74.458,normal,normal_work,1.11839,108.83031,5.61663,86.068,20.29349,29.54947,0.34277,114.86136,0.2047,83.34782
hong_jean,motion_data (hj).csv,normal_work,75.458,normal,normal_work,1.49089,203.81072,8.3873,175.48014,18.64234,42.85686,0.33914,111.75247,0.18925,94.04439
hong_jean,motion_data (hj).csv,normal_work,76.458,normal,normal_work,1.49089,203.81072,8.3873,228.73354,6.95071,7.04682,0.29391,105.70176,0.27194,97.20054
hong_jean,motion_data (hj).csv,normal_work,77.458,normal,normal_work,1.67324,162.1522,20.13681,221.50711,9.05077,3.57384,0.22168,91.61925,0.28844,103.56446
hong_jean,motion_data (hj).csv,normal_work,78.458,normal,normal_work,1.67324,162.1522,20.13681,234.32142,17.32549,4.41709,0.15108,76.34378,0.30667,113.26757
hong_jean,motion_data (hj).csv,normal_work,79.458,normal,normal_work,1.40641,157.61821,13.99178,198.2675,25.92478,1.36614,0.27627,98.1028,0.22488,97.71949
hong_jean,motion_data (hj).csv,normal_work,80.458,normal,normal_work,1.34976,125.22651,6.62962,166.33676,40.68958,18.38765,0.30289,102.76484,0.20237,89.7046
hong_jean,motion_data (hj).csv,normal_work,81.458,normal,normal_work,1.34976,108.41862,7.1343,130.63042,2.34644,5.50719,0.31948,115.74257,0.20694,92.35091
hong_jean,motion_data (hj).csv,normal_work,82.458,normal,normal_work,1.72604,402.76582,24.38824,201.28601,7.53747,3.64378,0.22665,96.28867,0.21577,88.8035
hong_jean,motion_data (hj).csv,normal_work,83.458,normal,normal_work,1.72604,402.76582,24.38824,254.91937,9.5711,3.65814,0.20583,93.9614,0.20794,87.27628
hong_jean,motion_data (hj).csv,normal_work,84.458,normal,normal_work,1.41891,147.02007,16.25618,195.88847,23.66,21.06537,0.20653,94.00964,0.20542,81.76129
hong_jean,motion_data (hj).csv,normal_work,85.458,normal,normal_work,1.31909,144.40575,12.85856,189.2103,18.00093,1.17561,0.21703,92.61861,0.20201,87.42635
hong_jean,motion_data (hj).csv,normal_work,86.458,normal,normal_work,1.46855,163.89659,10.02846,177.33488,4.04363,18.48478,0.20446,87.54457,0.17708,94.08591
hong_jean,motion_data (hj).csv,normal_work,87.458,normal,normal_work,1.46855,163.89659,10.02846,164.41657,6.46623,24.09104,0.21848,82.82041,0.15534,94.03833
hong_jean,motion_data (hj).csv,normal_work,88.458,normal,normal_work,1.30194,152.93251,11.90902,184.67918,16.58652,29.40047,0.18289,77.73205,0.18186,108.66523
hong_jean,motion_data (hj).csv,normal_work,89.458,normal,normal_work,1.31827,152.93251,13.53495,179.91799,16.43559,18.92894,0.19119,94.51591,0.16348,99.87802
hong_jean,motion_data (hj).csv,normal_work,90.458,normal,normal_work,1.39398,153.15736,13.53495,168.22577,31.00978,21.85373,0.15107,96.56006,0.16678,105.19604
hong_jean,motion_data (hj).csv,normal_work,91.458,normal,normal_work,1.39398,153.15736,8.65893,155.71315,23.97449,13.97599,0.1719,101.35217,0.1529,109.53417
hong_jean,motion_data (hj).csv,normal_work,92.458,normal,normal_work,1.50699,180.63507,13.22247,180.48982,22.47258,10.11917,0.15354,94.80316,0.15136,105.14492
hong_jean,motion_data (hj).csv,normal_work,93.458,normal,normal_work,1.50699,180.63507,13.22247,203.90515,15.11224,9.23034,0.1723,106.6742,0.14376,99.8847
hong_jean,motion_data (hj).csv,normal_work,94.458,normal,normal_work,1.30016,176.65013,10.1182,163.72477,9.83716,12.08058,0.1619,114.20854,0.14128,99.48319
hong_jean,motion_data (hj).csv,normal_work,95.458,normal,normal_work,1.37162,277.45161,13.89473,210.193,17.94012,19.89629,0.1512,108.08012,0.13146,97.19922
hong_jean,motion_data (hj).csv,normal_work,96.458,normal,normal_work,1.42491,277.45161,13.89473,238.58461,17.81972,20.99784,0.13841,105.90452,0.15671,91.90923
hong_jean,motion_data (hj).csv,normal_work,97.458,normal,normal_work,1.42491,240.14547,8.2718,205.15636,10.86776,16.36505,0.12867,95.31578,0.17028,94.54193
hong_jean,motion_data (hj).csv,normal_work,98.458,normal,normal_work,1.37413,204.63358,10.5511,202.70859,14.13797,17.30139,0.1413,100.86925,0.15909,106.54758
hong_jean,motion_data (hj).csv,normal_work,99.458,normal,normal_work,1.37413,182.52995,10.5511,189.7683,13.91448,18.80433,0.16465,95.29436,0.16087,107.89002
hong_jean,motion_data (hj).csv,normal_work,100.458,normal,normal_work,1.32071,285.13514,9.27507,193.19066,10.46213,15.25499,0.16069,96.50837,0.16142,109.71084
hong_jean,motion_data (hj).csv,normal_work,101.458,normal,normal_work,1.46604,285.13514,9.27507,205.0151,5.98521,10.78926,0.16449,95.44218,0.26677,119.59432
hong_jean,motion_data (hj).csv,normal_work,102.458,normal,normal_work,1.46604,187.7091,9.07553,197.44001,5.66654,3.83256,0.14696,106.60025,0.50118,147.54273
hong_jean,motion_data (hj).csv,normal_work,103.458,normal,normal_work,1.38083,167.28621,21.04355,178.91514,9.81211,13.28,0.17069,119.81223,0.58836,166.93947
hong_jean,motion_data (hj).csv,normal_work,104.458,normal,normal_work,1.38083,208.16727,21.04355,177.18731,9.34094,102.9621,0.15603,112.01422,0.62288,202.50098
hong_jean,motion_data (hj).csv,normal_work,105.458,normal,normal_work,1.2703,211.1819,17.10139,238.78713,3.47068,114.61118,0.45095,128.23023,0.58381,210.84269
hong_jean,motion_data (hj).csv,normal_work,106.458,normal,normal_work,1.39576,222.6687,12.76088,246.08459,8.08962,106.27453,0.59314,170.19324,0.47997,175.01781
hong_jean,motion_data (hj).csv,normal_work,107.458,normal,normal_work,1.39576,222.6687,12.76088,185.72664,112.6741,76.45382,0.63133,190.65321,0.43491,136.58251
hong_jean,motion_data (hj).csv,normal_work,108.458,normal,normal_work,2.36342,249.07138,34.44274,242.91924,109.88698,50.55838,0.56885,222.38112,0.29374,59.46812
hong_jean,motion_data (hj).csv,normal_work,109.458,normal,normal_work,2.97259,527.17349,34.44274,398.03357,110.67552,52.25022,0.5053,186.38155,0.01509,35.40062
hong_jean,motion_data (hj).csv,normal_work,110.458,normal,normal_work,2.97259,527.17349,50.59314,396.91284,101.25796,56.71453,0.46113,159.28644,0.0331,33.69864
hong_jean,motion_data (hj).csv,normal_work,111.458,normal,normal_work,2.67438,554.2383,50.59314,393.6483,52.50827,43.28971,0.31687,69.09876,0.04632,54.16622
hong_jean,motion_data (hj).csv,normal_work,112.458,normal,normal_work,2.70269,554.2383,25.41383,411.35689,56.72271,70.37191,0.01143,26.00801,0.0539,78.77574
kwanteng,KT_Fall_cleaned.csv,fall_like,16.17,fall,fall_recovery,3.04519,1129.87079,44.60436,566.53309,8.66251,13.98561,0.24782,92.05313,0.2078,80.10976
kwanteng,KT_NearMissed_cleaned.csv,near_miss,16.53,near_miss,near_miss,4.01486,1130.86639,44.92667,469.11189,2.35269,9.89037,0.1925,73.29267,0.32254,133.71469
kwanteng,KT_Normal.csv,normal_work,4.029,normal,normal_work,1.81681,477.17482,16.63155,309.03142,108.90107,122.10645,0.04566,26.96409,0.10765,97.32564
kwanteng,KT_Normal.csv,normal_work,5.029,normal,normal_work,1.73763,477.17482,16.63155,332.28824,95.95379,109.72272,0.0595,43.97573,0.10297,88.87726
kwanteng,KT_Normal.csv,normal_work,6.029,normal,normal_work,1.73763,402.84156,16.53594,111.57617,97.83828,117.24115,0.10514,87.76551,0.08227,78.77532
kwanteng,KT_Normal.csv,normal_work,7.029,normal,normal_work,1.02616,45.77704,0.97432,30.02739,63.61239,90.13776,0.10598,100.71906,0.11147,80.90148
kwanteng,KT_Normal.csv,normal_work,8.029,normal,normal_work,1.26157,153.62935,5.32235,89.50113,18.19267,52.42442,0.1031,96.71452,0.15319,87.76472
kwanteng,KT_Normal.csv,normal_work,9.029,normal,normal_work,1.2683,165.58209,9.06457,186.98904,25.44301,56.78946,0.08236,71.88578,0.18939,101.19174
kwanteng,KT_Normal.csv,normal_work,10.029,normal,normal_work,1.2683,434.62466,9.06457,214.15199,33.24114,61.12379,0.10206,78.36952,0.22372,105.58951
kwanteng,KT_Normal.csv,normal_work,11.029,normal,normal_work,1.25702,434.62466,9.04161,178.55935,50.20585,58.55608,0.13878,83.52588,0.24959,104.23665
kwanteng,KT_Normal.csv,normal_work,12.029,normal,normal_work,1.25734,143.99878,5.86453,141.47009,55.81597,59.66435,0.18666,103.93094,0.25491,94.2006
kwanteng,KT_Normal.csv,normal_work,13.029,normal,normal_work,1.25734,274.63911,5.86453,157.6504,49.89883,53.52084,0.22563,107.71875,0.23413,90.69442
kwanteng,KT_Normal.csv,normal_work,14.029,normal,normal_work,1.42557,274.63911,5.94309,169.9146,40.46305,46.40357,0.24133,107.49701,0.23545,87.78593
kwanteng,KT_Normal.csv,normal_work,15.029,normal,normal_work,1.47703,244.82302,11.93669,211.69776,31.50085,38.07205,0.24146,97.79696,0.2421,80.3158
kwanteng,KT_Normal.csv,normal_work,16.029,normal,normal_work,1.47703,244.82302,16.18926,231.29438,23.67355,25.2214,0.24123,88.33466,0.25598,84.70883
kwanteng,KT_Normal.csv,normal_work,17.029,normal,normal_work,1.4906,218.53198,16.18926,174.57737,20.0641,19.24332,0.24551,86.24087,0.23951,84.742
kwanteng,KT_Normal.csv,normal_work,18.029,normal,normal_work,1.4906,189.0743,15.59347,174.95599,12.71988,13.1501,0.23478,83.3669,0.23592,84.50252
kwanteng,KT_Normal.csv,normal_work,19.029,normal,normal_work,1.50704,189.0743,15.59347,187.09472,9.05975,11.0221,0.23212,85.4571,0.21264,93.28862
kwanteng,KT_Normal.csv,normal_work,20.029,normal,normal_work,1.50704,178.25553,13.50725,179.32469,6.14187,5.34161,0.24105,82.75033,0.17874,97.02761
kwanteng,KT_Normal.csv,normal_work,21.029,normal,normal_work,1.48727,155.09471,10.75532,169.45913,8.17034,7.05818,0.24984,84.29738,0.16371,95.28645
kwanteng,KT_Normal.csv,normal_work,22.029,normal,normal_work,1.48727,141.04956,12.26475,156.64294,4.53802,6.8217,0.22124,86.91743,0.1924,100.42835
kwanteng,KT_Normal.csv,normal_work,23.029,normal,normal_work,1.47367,167.34655,17.90328,153.77454,1.47304,4.44716,0.17515,96.9937,0.21932,94.6658
kwanteng,KT_Normal.csv,normal_work,24.029,normal,normal_work,1.47367,167.34655,17.90328,171.40318,3.67308,2.05724,0.14513,97.78469,0.2329,90.25442
kwanteng,KT_Normal.csv,normal_work,25.029,normal,normal_work,1.45417,179.99099,17.29176,175.68342,4.06797,0.32647,0.19532,102.96159,0.2109,82.60272
kwanteng,KT_Normal.csv,normal_work,26.029,normal,normal_work,1.45417,203.0173,17.29176,202.441,2.27915,3.13707,0.20739,98.31438,0.20625,78.7074
kwanteng,KT_Normal.csv,normal_work,27.029,normal,normal_work,1.37024,203.0173,7.47224,215.12094,4.03993,5.95438,0.22919,87.57216,0.18292,80.87036
kwanteng,KT_Normal.csv,normal_work,28.029,normal,normal_work,1.47665,179.00372,7.72172,176.91153,1.55404,4.34435,0.21525,84.23649,0.15122,73.47203
kwanteng,KT_Normal.csv,normal_work,29.029,normal,normal_work,1.61632,155.5026,15.92859,177.22487,1.93759,3.997,0.21851,77.86359,0.11665,74.32748
kwanteng,KT_Normal.csv,normal_work,30.029,normal,normal_work,1.61632,155.01768,15.92859,174.93782,3.50551,5.91708,0.18861,82.21604,0.12324,71.39527
kwanteng,KT_Normal.csv,normal_work,31.029,normal,normal_work,1.42622,158.17683,16.13261,165.89532,3.60144,3.1093,0.15721,73.74254,0.13894,75.05816
kwanteng,KT_Normal.csv,normal_work,32.029,normal,normal_work,1.42622,158.17683,16.13261,158.72675,6.28674,4.21696,0.11262,72.63055,0.15682,72.2675
kwanteng,KT_Normal.csv,normal_work,33.029,normal,normal_work,1.37458,160.2287,12.21355,151.45408,5.2255,3.03093,0.1251,72.28575,0.15476,70.69937
kwanteng,KT_Normal.csv,normal_work,34.029,normal,normal_work,1.37458,176.31465,12.21355,152.73746,1.75712,2.66948,0.12388,72.16408,0.17643,74.16553
kwanteng,KT_Normal.csv,normal_work,35.029,normal,normal_work,1.2923,176.31465,6.85283,140.89396,4.12867,2.4278,0.15749,73.82345,0.16109,67.28334
kwanteng,KT_Normal.csv,normal_work,36.029,normal,normal_work,1.26357,181.99101,8.47411,133.05422,1.90463,2.11623,0.15706,71.40888,0.16544,70.14347
kwanteng,KT_Normal.csv,normal_work,37.029,normal,normal_work,1.33909,181.99101,8.47411,147.79662,1.97798,0.73703,0.17296,70.99203,0.14774,67.82104
kwanteng,KT_Normal.csv,normal_work,38.029,normal,normal_work,1.34097,136.55467,12.91372,146.71807,0.67992,1.71179,0.15406,68.93447,0.14141,72.88337
kwanteng,KT_Normal.csv,normal_work,39.029,normal,normal_work,1.36986,147.2135,12.91372,146.07696,2.72754,3.65875,0.16935,66.60299,0.12681,72.03376
kwanteng,KT_Normal.csv,normal_work,40.029,normal,normal_work,1.36986,147.2135,8.13307,131.59587,4.23175,6.71558,0.15265,65.43558,0.13583,79.08588
kwanteng,KT_Normal.csv,normal_work,41.029,normal,normal_work,1.37701,155.25494,8.58254,134.05129,3.9331,3.35681,0.14573,71.99327,0.13268,68.73945
kwanteng,KT_Normal.csv,normal_work,42.029,normal,normal_work,1.4134,155.25494,8.58254,136.03566,0.68043,5.59715,0.11247,74.62264,0.13893,66.98837
kwanteng,KT_Normal.csv,normal_work,43.029,normal,normal_work,1.4134,185.92106,7.93291,132.36003,4.1723,3.08331,0.11644,78.07522,0.12603,65.3271
kwanteng,KT_Normal.csv,normal_work,44.029,normal,normal_work,1.34439,185.92106,7.20075,135.64488,4.26255,3.60235,0.13992,70.9166,0.10008,65.8947
kwanteng,KT_Normal.csv,normal_work,45.029,normal,normal_work,1.1655,184.85875,7.53277,144.87441,4.47355,4.40213,0.141,67.84851,0.11391,64.72563
kwanteng,KT_Normal.csv,normal_work,46.029,normal,normal_work,1.23847,184.85875,10.60836,146.85315,0.81845,2.79482,0.13174,65.15885,0.12201,62.25743
kwanteng,KT_Normal.csv,normal_work,47.029,normal,normal_work,1.33868,152.70735,10.60836,146.99293,4.81755,2.38525,0.10193,66.31532,0.13006,60.75812
kwanteng,KT_Normal.csv,normal_work,48.029,normal,normal_work,1.33868,152.70735,8.88577,129.30418,6.16736,6.92847,0.11986,63.42058,0.1263,64.15274
kwanteng,KT_Normal.csv,normal_work,49.029,normal,normal_work,1.2713,145.63161,5.63403,124.98517,1.18488,4.49144,0.11694,64.99455,0.13313,64.03199
kwanteng,KT_Normal.csv,normal_work,50.029,normal,normal_work,1.28556,145.63161,6.42559,139.38861,2.19305,3.24998,0.12852,62.10397,0.13251,65.2741
kwanteng,KT_Normal.csv,normal_work,51.029,normal,normal_work,1.28556,141.67309,6.42559,123.91553,3.36253,3.71749,0.12803,64.46808,0.12991,66.17246
kwanteng,KT_Normal.csv,normal_work,52.029,normal,normal_work,1.32166,102.81749,7.14623,120.26844,6.51975,5.85139,0.12771,64.44179,0.135,65.67322
kwanteng,KT_Normal.csv,normal_work,53.029,normal,normal_work,1.32166,144.93618,9.06502,122.66818,5.40734,5.91642,0.13394,64.38693,0.12343,67.21593
kwanteng,KT_Normal.csv,normal_work,54.029,normal,normal_work,1.31327,144.93618,9.06502,120.8141,8.30129,7.68588,0.12752,62.46211,0.12482,67.26928
kwanteng,KT_Normal.csv,normal_work,55.029,normal,normal_work,1.3292,136.24652,8.37117,122.16614,5.2248,5.15009,0.13769,68.4487,0.11513,57.58589
kwanteng,KT_Normal.csv,normal_work,56.029,normal,normal_work,1.34263,144.24162,5.54656,136.62318,2.11483,3.95147,0.12389,67.2573,0.11483,59.14686
kwanteng,KT_Normal.csv,normal_work,57.029,normal,normal_work,1.34263,144.24162,9.09989,127.61623,3.38031,3.44729,0.11721,66.21131,0.11541,64.7839
kwanteng,KT_Normal.csv,normal_work,58.029,normal,normal_work,1.30767,152.65738,9.09989,128.30756,2.06864,2.2496,0.12222,59.71881,0.10937,59.68174
kwanteng,KT_Normal.csv,normal_work,59.029,normal,normal_work,1.30767,152.65738,8.30614,141.86817,4.19785,3.6308,0.1156,58.86411,0.11466,60.47074
kwanteng,KT_Normal.csv,normal_work,60.029,normal,normal_work,1.29309,128.29517,6.05309,124.55901,2.1275,2.85051,0.11284,61.68628,0.11293,57.00356
kwanteng,KT_Normal.csv,normal_work,61.029,normal,normal_work,1.28417,119.81163,5.81761,116.79185,3.3291,2.08058,0.11529,63.38053,0.10043,56.83663
kwanteng,KT_Normal.csv,normal_work,62.029,normal,normal_work,1.28417,125.59741,7.62795,110.04658,1.29012,0.82825,0.11743,61.76952,0.10846,56.24522
kwanteng,KT_Normal.csv,normal_work,63.029,normal,normal_work,1.27899,155.07453,7.72331,127.21739,2.46824,1.25407,0.11626,58.36659,0.10798,58.21526
kwanteng,KT_Normal.csv,normal_work,64.029,normal,normal_work,1.29812,155.07453,7.72331,132.22193,1.01817,2.51788,0.09533,54.13921,0.12577,63.44773
kwanteng,KT_Normal.csv,normal_work,65.029,normal,normal_work,1.3225,137.43665,7.98824,103.01072,1.17457,2.90585,0.09837,53.63396,0.13433,65.31882
kwanteng,KT_Normal.csv,normal_work,66.029,normal,normal_work,1.3225,132.23743,7.98824,108.93679,2.59187,1.53197,0.11317,58.36267,0.12458,61.20576
kwanteng,KT_Normal.csv,normal_work,67.029,normal,normal_work,1.25024,132.23743,6.99213,120.59723,3.73943,4.65707,0.12178,62.72919,0.12631,56.5079
kwanteng,KT_Normal.csv,normal_work,68.029,normal,normal_work,1.28103,131.26772,8.66536,110.57599,1.62882,1.66408,0.12576,65.13597,0.12293,52.56528
kwanteng,KT_Normal.csv,normal_work,69.029,normal,normal_work,1.35218,133.27704,8.66536,111.06008,0.18762,1.1794,0.1318,64.00037,0.11892,54.34023
kwanteng,KT_Normal.csv,normal_work,70.029,normal,normal_work,1.35893,133.27704,5.03929,116.82331,3.024,0.34002,0.1207,58.81146,0.14122,60.1689
kwanteng,KT_Normal.csv,normal_work,71.029,normal,normal_work,1.35893,125.73848,5.03929,131.5292,1.26968,2.09074,0.12421,53.86643,0.13683,65.21341
kwanteng,KT_Normal.csv,normal_work,72.029,normal,normal_work,1.35712,133.54814,5.63368,129.79608,3.34213,2.02184,0.11448,52.58326,0.13552,68.98749
kwanteng,KT_Normal.csv,normal_work,73.029,normal,normal_work,1.35712,133.54814,5.98533,108.26119,4.1106,4.00342,0.13504,60.20137,0.11847,64.02374
kwanteng,KT_Normal.csv,normal_work,74.029,normal,normal_work,1.27363,97.80478,7.0208,101.90553,2.40257,2.02382,0.14012,68.42087,0.10488,62.16229
kwanteng,KT_Normal.csv,normal_work,75.029,normal,normal_work,1.27363,130.10375,7.0208,100.3971,1.38753,1.13265,0.13749,68.98363,0.11411,64.44352
kwanteng,KT_Normal.csv,normal_work,76.029,normal,normal_work,1.31031,130.10375,7.76638,112.63188,5.86874,9.13365,0.12257,60.52289,0.10067,63.16983
kwanteng,KT_Normal.csv,normal_work,77.029,normal,normal_work,1.39919,143.85311,7.76638,141.06231,3.19081,6.46313,0.108,62.13655,0.09139,53.80531
kwanteng,KT_Normal.csv,normal_work,78.029,normal,normal_work,1.39919,143.85311,7.04907,140.26592,1.1806,3.16323,0.10759,64.77858,0.07375,43.21677
kwanteng,KT_Normal.csv,normal_work,79.029,normal,normal_work,1.26747,153.31381,6.29982,123.22045,1.94599,0.65903,0.10801,68.47921,0.06228,40.54834
kwanteng,KT_Normal.csv,normal_work,80.029,normal,normal_work,1.20187,153.31381,6.29982,121.88134,3.12535,2.40594,0.09127,55.85227,0.07581,41.14294
kwanteng,KT_Normal.csv,normal_work,81.029,normal,normal_work,1.25511,128.77542,5.67153,124.18256,3.39699,2.91592,0.07932,46.09278,0.07822,42.83536
kwanteng,KT_Normal.csv,normal_work,82.029,normal,normal_work,1.25511,127.96389,5.67153,132.43522,3.0811,1.49111,0.0598,39.14753,0.07396,48.09159
kwanteng,KT_Normal.csv,normal_work,83.029,normal,normal_work,1.23471,127.96389,3.61645,109.18543,5.63217,6.3372,0.08069,42.9712,0.08042,52.35477
kwanteng,KT_Normal.csv,normal_work,84.029,normal,normal_work,1.12852,111.99517,4.67983,80.14835,6.09156,2.15577,0.07902,44.95152,0.07702,59.81955
kwanteng,KT_Normal.csv,normal_work,85.029,normal,normal_work,1.14496,111.99517,4.67983,69.23478,9.7479,2.69358,0.0786,44.80673,0.1405,70.79517
kwanteng,KT_Normal.csv,normal_work,86.029,normal,normal_work,1.20104,116.81452,7.42908,83.04598,3.41643,1.96081,0.07198,55.44464,0.14138,67.16411
kwanteng,KT_Normal.csv,normal_work,87.029,normal,normal_work,1.20104,116.81452,7.42908,94.35916,4.95864,1.90178,0.07899,59.86606,0.14523,66.35048
kwanteng,KT_Normal.csv,normal_work,88.029,normal,normal_work,1.18875,109.7391,6.39511,87.05139,2.6514,4.39959,0.12074,69.95405,0.12976,64.33417
kwanteng,KT_Normal.csv,normal_work,89.029,normal,normal_work,1.21017,114.77378,6.23114,109.65759,3.68038,3.72568,0.14514,66.50381,0.1253,62.64386
kwanteng,KT_Normal.csv,normal_work,90.029,normal,normal_work,1.26056,126.79484,6.23114,118.08313,6.52421,6.19545,0.15518,65.43044,0.11421,71.00107
kwanteng,KT_Normal.csv,normal_work,91.029,normal,normal_work,1.27,180.54128,6.02024,138.85378,5.25391,1.78955,0.12842,67.11486,0.11868,64.2034
kwanteng,KT_Normal.csv,normal_work,92.029,normal,normal_work,1.57899,180.54128,11.55385,143.6237,2.23536,2.12317,0.12639,62.87435,0.11316,59.17191
kwanteng,KT_Normal.csv,normal_work,93.029,normal,normal_work,1.57899,157.45661,11.55385,123.4998,1.65747,1.38753,0.1177,73.37624,0.1106,51.19016
kwanteng,KT_Normal.csv,normal_work,94.029,normal,normal_work,1.37832,157.45661,6.70886,125.94757,6.62748,6.06082,0.1144,65.36078,0.11543,48.7351
kwanteng,KT_Normal.csv,normal_work,95.029,normal,normal_work,1.39964,146.11954,6.99442,118.89699,3.43183,1.13932,0.11247,61.9531,0.12611,54.99788
kwanteng,KT_Normal.csv,normal_work,96.029,normal,normal_work,1.39964,175.43551,7.82491,141.74421,1.83053,2.59153,0.11249,48.13043,0.11755,56.10549
kwanteng,KT_Normal.csv,normal_work,97.029,normal,normal_work,1.29314,175.43551,7.82491,145.75607,3.82913,7.57104,0.12319,49.91805,0.11768,53.20519
kwanteng,KT_Normal.csv,normal_work,98.029,normal,normal_work,1.251,155.3523,7.15478,110.92237,4.53234,5.79693,0.12023,56.32485,0.11038,47.19357
kwanteng,KT_Normal.csv,normal_work,99.029,normal,normal_work,1.251,97.54722,8.82377,91.58134,2.63387,2.93943,0.12604,56.44545,0.11487,49.43093
kwanteng,KT_Normal.csv,normal_work,100.029,normal,normal_work,1.24893,133.43518,8.82377,98.85293,4.32408,3.87674,0.11652,56.44719,0.10755,46.7471
kwanteng,KT_Normal.csv,normal_work,101.029,normal,normal_work,1.30594,152.78798,6.49226,105.41251,5.06073,3.8571,0.10631,47.78695,0.0975,43.11901
kwanteng,KT_Normal.csv,normal_work,102.029,normal,normal_work,1.33719,162.27923,9.89403,112.15025,2.26307,1.87748,0.11598,49.55717,0.07847,44.84205
kwanteng,KT_Normal.csv,normal_work,103.029,normal,normal_work,1.33719,162.27923,9.89403,103.57535,2.73675,8.1008,0.11494,43.79977,0.09538,48.1379
kwanteng,KT_Normal.csv,normal_work,104.029,normal,normal_work,1.25573,124.46746,6.10553,96.62746,8.24639,9.0234,0.10026,45.99636,0.10587,48.86562
kwanteng,KT_Normal.csv,normal_work,105.029,normal,normal_work,1.26259,141.10813,6.10553,104.32322,9.71307,4.20221,0.0835,42.58508,0.10871,54.09182
kwanteng,KT_Normal.csv,normal_work,106.029,normal,normal_work,1.29796,141.10813,9.57306,90.85568,8.34268,5.07507,0.09086,50.35449,0.11791,56.30503
kwanteng,KT_Normal.csv,normal_work,107.029,normal,normal_work,1.29796,119.25525,9.57306,86.1473,4.1401,1.03661,0.107,47.31167,0.12123,57.84472
kwanteng,KT_Normal.csv,normal_work,108.029,normal,normal_work,1.24205,119.25525,3.18814,77.86028,3.12795,3.50644,0.09888,53.41814,0.15343,59.83964
kwanteng,KT_Normal.csv,normal_work,109.029,normal,normal_work,1.24205,100.38415,7.15838,83.47243,4.57112,3.69403,0.10356,51.22418,0.15507,60.95
kwanteng,KT_Normal.csv,normal_work,110.029,normal,normal_work,1.24205,144.46974,7.15838,107.87039,4.91763,5.44019,0.12813,61.29989,0.13722,56.01288
kwanteng,KT_Normal.csv,normal_work,111.029,normal,normal_work,1.23852,144.46974,6.76809,108.5413,11.88656,8.96609,0.13176,62.35325,0.13522,61.74124
kwanteng,KT_Normal.csv,normal_work,112.029,normal,normal_work,1.36678,135.67457,9.48673,106.60811,4.61388,3.53052,0.15499,59.19807,0.1068,64.39323
pierre,(die) pieere.csv,fall_like,8.83,fall,fall_recovery,4.04053,800.13579,39.30358,590.84808,32.52818,83.30649,0.95479,245.94873,0.24745,162.67618
pierre,(near miss) P.csv,near_miss,9.12,near_miss,near_miss,4.04181,547.41945,51.56783,546.37826,40.69397,25.84442,0.85811,192.21948,0.1934,114.40078
pierre,(normal) P motion_data.csv,normal_work,3.029,normal,normal_work,1.75098,990.95399,14.00768,452.84497,56.70408,47.55154,0.2391,102.61949,0.20038,136.37889
pierre,(normal) P motion_data.csv,normal_work,4.029,normal,normal_work,1.3224,245.50862,15.2264,230.12779,29.63053,32.25386,0.26575,118.74293,0.14983,139.15193
pierre,(normal) P motion_data.csv,normal_work,5.029,normal,normal_work,1.50243,197.01366,15.2264,187.44697,54.09182,52.66875,0.25188,122.67092,0.12875,128.46497
pierre,(normal) P motion_data.csv,normal_work,6.029,normal,normal_work,1.50243,198.43873,15.46884,221.43748,50.15062,49.98649,0.21613,128.73457,0.13703,115.12879
pierre,(normal) P motion_data.csv,normal_work,7.029,normal,normal_work,1.53864,227.05139,24.20896,235.3901,41.28297,48.16409,0.137,145.42231,0.15737,89.71502
pierre,(normal) P motion_data.csv,normal_work,8.029,normal,normal_work,1.53864,252.1435,24.20896,243.62145,35.62299,58.53521,0.13072,129.20681,0.14602,92.22906
pierre,(normal) P motion_data.csv,normal_work,9.029,normal,normal_work,1.45195,252.1435,7.96044,230.78478,4.10224,41.94637,0.13208,119.53856,0.15863,94.21756
pierre,(normal) P motion_data.csv,normal_work,10.029,normal,normal_work,1.30812,259.94407,7.84365,283.32945,6.57932,42.71062,0.15949,90.63447,0.15412,89.07261
pierre,(normal) P motion_data.csv,normal_work,11.029,normal,normal_work,1.36387,259.94407,11.44406,297.64865,14.63046,42.70497,0.15423,97.29097,0.26824,92.21864
pierre,(normal) P motion_data.csv,normal_work,12.029,normal,normal_work,1.40287,221.45338,11.44406,208.07452,41.82005,44.30961,0.16356,96.67785,0.31855,97.38926
pierre,(normal) P motion_data.csv,normal_work,13.029,normal,normal_work,1.40287,318.69257,10.78755,182.68603,53.5685,59.83678,0.14729,91.0296,0.34475,114.75071
pierre,(normal) P motion_data.csv,normal_work,14.029,normal,normal_work,1.2936,318.69257,10.49087,186.4428,43.02142,56.35232,0.27934,89.70022,0.32419,115.78999
pierre,(normal) P motion_data.csv,normal_work,15.029,normal,normal_work,1.42878,204.98485,9.8624,171.33805,37.88773,71.63758,0.30463,87.52026,0.38353,126.9106
pierre,(normal) P motion_data.csv,normal_work,16.029,normal,normal_work,1.42878,204.98485,12.88791,184.87872,37.26759,48.05313,0.35712,122.79646,0.35375,115.7105
pierre,(normal) P motion_data.csv,normal_work,17.029,normal,normal_work,1.71063,204.98485,18.35414,180.57898,12.4104,23.96747,0.33472,123.54477,0.31113,116.65651
pierre,(normal) P motion_data.csv,normal_work,18.029,normal,normal_work,1.82224,244.61465,22.71502,177.18645,29.27536,22.3874,0.32471,129.45202,0.29775,125.68164
pierre,(normal) P motion_data.csv,normal_work,19.029,normal,normal_work,2.02412,244.61465,22.71502,243.55352,32.85272,27.13955,0.38061,120.29397,0.20923,115.26254
pierre,(normal) P motion_data.csv,normal_work,20.029,normal,normal_work,2.02412,226.69833,21.63572,257.13155,33.39783,27.15725,0.3344,111.28902,0.23675,135.34079
pierre,(normal) P motion_data.csv,normal_work,21.029,normal,normal_work,1.58695,226.69833,23.99588,201.73039,9.47593,26.3535,0.31589,117.59015,0.35538,131.69643
pierre,(normal) P motion_data.csv,normal_work,22.029,normal,normal_work,2.25373,298.79645,30.01144,245.20741,10.95491,19.35799,0.16222,112.66278,0.39936,159.04143
pierre,(normal) P motion_data.csv,normal_work,23.029,normal,normal_work,2.25373,298.79645,30.01144,261.79575,15.37736,24.60439,0.19216,131.55668,0.47637,181.76206
pierre,(normal) P motion_data.csv,normal_work,24.029,normal,normal_work,1.50301,217.61448,14.06756,220.58503,19.96959,23.90177,0.36034,131.13974,0.90442,204.56752
pierre,(normal) P motion_data.csv,normal_work,25.029,normal,normal_work,1.45345,207.99319,11.98433,257.82655,15.19837,17.01321,0.41367,146.26378,0.98813,190.58653
pierre,(normal) P motion_data.csv,normal_work,26.029,normal,normal_work,1.62891,207.99319,23.39443,243.31158,22.89042,19.62394,0.47527,194.39867,0.972,147.20064
pierre,(normal) P motion_data.csv,normal_work,27.029,normal,normal_work,2.03973,211.76794,37.41111,251.10327,13.34087,17.90315,0.44479,189.92698,0.97487,150.02217
pierre,(normal) P motion_data.csv,normal_work,28.029,normal,normal_work,2.03973,250.82067,37.41111,267.306,12.57785,11.88091,1.04081,199.31915,0.30267,119.30425
pierre,(normal) P motion_data.csv,normal_work,29.029,normal,normal_work,1.94489,661.70521,20.67153,408.45298,1.90012,3.08223,1.02995,142.66442,0.28543,122.76403
pierre,(normal) P motion_data.csv,normal_work,30.029,normal,normal_work,2.48185,661.70521,35.2434,417.72349,6.29603,3.36185,1.04171,153.73374,0.30833,124.60656
pierre,(normal) P motion_data.csv,normal_work,31.029,normal,normal_work,3.99668,345.20311,86.04662,341.58281,18.53129,6.5691,0.31959,123.58688,0.47221,128.70793
pierre,(normal) P motion_data.csv,normal_work,32.029,normal,normal_work,3.99668,345.20311,86.04662,333.68054,10.98645,25.53981,0.303,129.8167,0.60044,130.01292
pierre,(normal) P motion_data.csv,normal_work,33.029,normal,normal_work,3.29897,250.22333,42.39335,252.91175,2.09794,16.52068,0.26098,124.36587,0.70441,139.38391
pierre,(normal) P motion_data.csv,normal_work,34.029,normal,normal_work,1.82283,276.94053,19.61701,250.46586,6.75266,5.5132,0.42838,134.10792,0.68689,136.20083
pierre,(normal) P motion_data.csv,normal_work,35.029,normal,normal_work,1.82283,276.94053,19.61701,227.06442,11.14234,3.48145,0.61365,130.30365,0.5934,139.96839
pierre,(normal) P motion_data.csv,normal_work,36.029,normal,normal_work,1.59128,228.64053,16.24589,219.81484,19.45219,2.18463,0.71812,130.73259,0.58326,134.99887
pierre,(normal) P motion_data.csv,normal_work,37.029,normal,normal_work,2.05853,288.09065,29.58189,255.06424,11.98016,2.65893,0.74152,146.46162,0.48572,121.92612
pierre,(normal) P motion_data.csv,normal_work,38.029,normal,normal_work,2.65947,288.09065,36.37396,262.05582,7.59611,9.89423,0.61935,147.02813,0.46868,119.34264
pierre,(normal) P motion_data.csv,normal_work,39.029,normal,normal_work,3.07543,252.08856,62.24051,257.77642,7.27721,3.34799,0.56027,139.87941,0.3869,110.3144
pierre,(normal) P motion_data.csv,normal_work,40.029,normal,normal_work,3.07543,275.79165,62.24051,315.18097,15.15865,8.28594,0.51748,121.15322,0.27686,104.58215
pierre,(normal) P motion_data.csv,normal_work,41.029,normal,normal_work,2.40002,275.79165,48.67468,287.43263,19.24133,13.20256,0.49899,119.47148,0.27313,112.56485
pierre,(normal) P motion_data.csv,normal_work,42.029,normal,normal_work,2.40002,233.3008,48.67468,239.90891,3.77177,1.85365,0.40347,116.28616,0.3195,121.22546
pierre,(normal) P motion_data.csv,normal_work,43.029,normal,normal_work,2.35144,232.73048,35.2867,252.59962,8.40438,8.87246,0.22513,101.59203,0.33466,140.81543
pierre,(normal) P motion_data.csv,normal_work,44.029,normal,normal_work,2.35144,232.73048,35.2867,252.79526,10.61532,9.67616,0.28321,109.72766,0.31286,136.33558
pierre,(normal) P motion_data.csv,normal_work,45.029,normal,normal_work,1.78411,190.4983,29.88733,224.17148,12.8965,8.02112,0.29196,112.04132,0.30614,147.20758
pierre,(normal) P motion_data.csv,normal_work,46.029,normal,normal_work,1.37781,188.45031,13.90792,184.86382,7.71752,5.04972,0.35665,136.47306,0.25249,129.35001
pierre,(normal) P motion_data.csv,normal_work,47.029,normal,normal_work,1.68829,277.43182,23.98843,191.54943,4.66096,11.65756,0.32559,139.87055,0.22824,140.75124
pierre,(normal) P motion_data.csv,normal_work,48.029,normal,normal_work,1.68829,277.43182,23.98843,237.45022,12.73003,22.27889,0.32961,160.18966,0.21334,125.45411
pierre,(normal) P motion_data.csv,normal_work,49.029,normal,normal_work,1.88526,244.80526,24.08426,277.21531,10.61291,15.05127,0.26299,142.04002,0.21426,125.7855
pierre,(normal) P motion_data.csv,normal_work,50.029,normal,normal_work,1.88526,260.01885,24.08426,307.70173,12.77498,2.17983,0.23025,138.83951,0.19056,117.77546
pierre,(normal) P motion_data.csv,normal_work,51.029,normal,normal_work,1.86343,303.30773,22.79453,290.73386,13.44682,5.7508,0.20404,129.74945,0.15775,105.70923
pierre,(normal) P motion_data.csv,normal_work,52.029,normal,normal_work,1.86343,303.30773,22.79453,248.20371,17.15156,9.73205,0.21282,128.8992,0.13538,102.83763
pierre,(normal) P motion_data.csv,normal_work,53.029,normal,normal_work,1.46872,284.95197,15.01348,225.11809,6.94024,8.30536,0.20487,114.87442,0.28378,123.33798
pierre,(normal) P motion_data.csv,normal_work,54.029,normal,normal_work,1.46872,264.63992,15.01348,268.15793,10.67874,12.87513,0.15922,103.24515,0.34467,133.37404
pierre,(normal) P motion_data.csv,normal_work,55.029,normal,normal_work,1.54888,264.63992,15.49499,279.7403,10.74038,10.94953,0.12605,104.24298,0.35111,134.5137
pierre,(normal) P motion_data.csv,normal_work,56.029,normal,normal_work,1.54888,214.68054,15.49499,220.19192,7.1626,7.31222,0.25754,121.65913,0.2692,97.76762
pierre,(normal) P motion_data.csv,normal_work,57.029,normal,normal_work,1.4211,185.23238,7.81844,216.73004,15.76269,14.16596,0.33416,132.98692,0.14481,69.07714
pierre,(normal) P motion_data.csv,normal_work,58.029,normal,normal_work,1.22707,166.17539,6.10232,217.21707,11.55809,3.00706,0.37497,151.94217,0.04538,56.34657
pierre,(normal) P motion_data.csv,normal_work,59.029,normal,normal_work,1.66327,209.19574,10.0619,215.41351,11.86963,7.55279,0.29135,113.26995,0.12293,89.03659
pierre,(normal) P motion_data.csv,normal_work,60.029,normal,normal_work,1.885,209.19574,16.99942,266.07248,0.42646,7.00104,0.15528,70.47698,0.13845,118.57882
pierre,(normal) P motion_data.csv,normal_work,61.029,normal,normal_work,1.885,210.38008,16.99942,301.82033,2.61664,7.27413,0.03898,34.58589,0.14747,129.43078
pierre,(normal) P motion_data.csv,normal_work,62.029,normal,normal_work,1.3394,210.38008,14.48823,233.33879,1.32577,5.6344,0.046,67.62888,0.14464,120.64149
pierre,(normal) P motion_data.csv,normal_work,63.029,normal,normal_work,1.03641,204.37232,1.94329,85.89028,6.31528,4.28154,0.13793,113.62149,0.11747,99.39943
pierre,(normal) P motion_data.csv,normal_work,64.029,normal,normal_work,1.03641,71.80404,1.68362,58.67342,9.28218,5.04795,0.15852,132.90101,0.10184,80.35454
pierre,(normal) P motion_data.csv,normal_work,65.029,normal,normal_work,1.08351,250.12809,3.05651,176.76711,5.01868,6.34523,0.1468,128.41646,0.09726,58.28019
pierre,(normal) P motion_data.csv,normal_work,66.029,normal,normal_work,1.5216,323.02785,14.48171,282.44496,8.64658,5.4388,0.11569,99.05597,0.10527,78.39412
pierre,(normal) P motion_data.csv,normal_work,67.029,normal,normal_work,1.5216,323.02785,14.48171,269.09427,4.31394,5.52389,0.10671,83.41232,0.12745,91.56929
pierre,(normal) P motion_data.csv,normal_work,68.029,normal,normal_work,1.252,203.7362,8.69197,211.99343,10.50366,5.03524,0.09786,62.32693,0.18356,115.98486
pierre,(normal) P motion_data.csv,normal_work,69.029,normal,normal_work,1.32111,164.43723,9.32328,173.58244,6.17476,5.97066,0.09948,67.87404,0.20239,116.51643
pierre,(normal) P motion_data.csv,normal_work,70.029,normal,normal_work,1.32111,184.03734,9.32328,154.15342,3.06999,1.98356,0.09488,80.79984,0.2072,119.53715
pierre,(normal) P motion_data.csv,normal_work,71.029,normal,normal_work,1.23532,184.03734,5.23187,132.12256,5.05062,4.68386,0.15037,111.15924,0.2366,118.46555
pierre,(normal) P motion_data.csv,normal_work,72.029,normal,normal_work,1.18055,196.08559,4.45263,106.33536,8.49365,11.96515,0.21792,124.81147,0.20078,111.07484
pierre,(normal) P motion_data.csv,normal_work,73.029,normal,normal_work,1.35126,198.40677,10.07822,186.03124,8.05651,7.73069,0.21743,117.39465,0.22236,108.47304
pierre,(normal) P motion_data.csv,normal_work,74.029,normal,normal_work,1.35126,203.01562,10.07822,238.99944,3.14232,3.04405,0.24653,117.37541,0.17888,115.941
pierre,(normal) P motion_data.csv,normal_work,75.029,normal,normal_work,1.5386,213.54199,21.17314,248.67113,6.64786,7.0889,0.21168,116.24925,0.15344,118.61845
pierre,(normal) P motion_data.csv,normal_work,76.029,normal,normal_work,1.5386,213.54199,21.17314,218.43487,2.78035,6.19532,0.23718,110.32795,0.25219,149.88093
pierre,(normal) P motion_data.csv,normal_work,77.029,normal,normal_work,1.75943,216.11656,14.16815,207.17281,4.34191,2.81781,0.16932,106.54793,0.4153,160.78657
pierre,(normal) P motion_data.csv,normal_work,78.029,normal,normal_work,1.75943,216.11656,14.16815,254.16005,6.84856,10.19873,0.16272,111.52958,0.4622,160.0625
pierre,(normal) P motion_data.csv,normal_work,79.029,normal,normal_work,1.61564,209.88819,8.06911,210.33499,9.16483,7.16931,0.12783,135.04587,0.44407,172.01402
pierre,(normal) P motion_data.csv,normal_work,80.029,normal,normal_work,1.21176,172.64026,16.84953,172.02538,1.69442,8.71046,0.38851,166.5675,0.36183,144.87718
pierre,(normal) P motion_data.csv,normal_work,81.029,normal,normal_work,1.46488,209.86111,16.84953,253.90191,4.06855,10.17304,0.46645,172.80133,0.25734,147.91563
pierre,(normal) P motion_data.csv,normal_work,82.029,normal,normal_work,1.46488,241.78137,12.46572,294.18281,4.18367,6.23642,0.47817,156.74517,0.24195,171.33308
pierre,(normal) P motion_data.csv,normal_work,83.029,normal,normal_work,2.08864,427.64548,23.81341,325.60449,9.77995,11.94744,0.35422,149.67085,0.24972,167.42934
pierre,(normal) P motion_data.csv,normal_work,84.029,normal,normal_work,2.38592,427.64548,41.5914,346.66314,13.60404,9.02791,0.27124,141.09217,0.20694,162.75135
pierre,(normal) P motion_data.csv,normal_work,85.029,normal,normal_work,2.38592,241.66892,41.5914,264.1354,6.34667,7.94672,0.24939,171.27834,0.21781,136.25991
pierre,(normal) P motion_data.csv,normal_work,86.029,normal,normal_work,1.89295,286.39834,21.55288,305.31476,18.98985,11.18183,0.25227,161.15189,0.29938,135.47641
pierre,(normal) P motion_data.csv,normal_work,87.029,normal,normal_work,1.80467,286.39834,22.32199,313.1886,3.50789,9.02661,0.20019,165.34029,0.28982,141.67199
pierre,(normal) P motion_data.csv,normal_work,88.029,normal,normal_work,1.80467,272.46387,22.32199,279.09101,4.32036,5.40867,0.21506,142.66354,0.30131,153.61323
pierre,(normal) P motion_data.csv,normal_work,89.029,normal,normal_work,1.48347,272.46387,10.74898,351.24874,7.83858,7.57522,0.30748,124.36142,0.20474,158.2333
pierre,(normal) P motion_data.csv,normal_work,90.029,normal,normal_work,1.7689,244.12533,15.29427,344.90291,8.54964,11.62057,0.29978,142.57064,0.26292,138.5613
pierre,(normal) P motion_data.csv,normal_work,91.029,normal,normal_work,1.7689,257.22229,15.29427,279.59878,6.16241,12.33039,0.3214,154.52944,0.53699,137.11238
pierre,(normal) P motion_data.csv,normal_work,92.029,normal,normal_work,1.73964,257.22229,16.18329,223.96665,19.16833,26.87014,0.21529,157.3788,0.63303,136.07735
pierre,(normal) P motion_data.csv,normal_work,93.029,normal,normal_work,2.03035,208.29419,28.11012,276.35339,11.69179,2.19062,0.25116,147.45057,0.67912,133.92133
pierre,(normal) P motion_data.csv,normal_work,94.029,normal,normal_work,2.03035,203.49882,28.11012,324.92734,15.50812,1.95399,0.30394,137.73496,0.71053,138.63473
pierre,(normal) P motion_data.csv,normal_work,95.029,normal,normal_work,1.5333,196.98581,21.02613,292.72335,7.99109,3.187,0.59617,136.62209,0.732,131.97054
pierre,(normal) P motion_data.csv,normal_work,96.029,normal,normal_work,1.72767,230.2071,13.61202,285.5276,7.6497,4.26464,0.69289,118.73659,0.70257,139.75283
pierre,(normal) P motion_data.csv,normal_work,97.029,normal,normal_work,1.72767,230.2071,20.12748,274.01105,4.50403,12.23915,0.75061,147.27948,0.68442,113.85497
pierre,(normal) P motion_data.csv,normal_work,98.029,normal,normal_work,3.07238,201.96149,35.01941,251.48187,15.99617,25.13284,0.68936,141.02271,0.59985,123.90093
pierre,(normal) P motion_data.csv,normal_work,99.029,normal,normal_work,3.07238,206.26988,47.888,246.98871,13.79047,20.96154,0.68207,131.70514,0.67309,158.09998
pierre,(normal) P motion_data.csv,normal_work,100.029,normal,normal_work,2.62893,264.21558,47.888,296.35209,17.25278,32.99297,0.69603,112.28399,0.62393,154.66396
pierre,(normal) P motion_data.csv,normal_work,101.029,normal,normal_work,2.62893,264.21558,41.85544,291.86351,17.74049,14.19781,0.59319,123.31983,0.7557,163.11492
pierre,(normal) P motion_data.csv,normal_work,102.029,normal,normal_work,2.34624,221.66903,30.22654,198.13839,31.50951,5.75008,0.59285,143.02028,0.71061,157.0094
pierre,(normal) P motion_data.csv,normal_work,103.029,normal,normal_work,1.91023,226.82071,39.08912,240.26616,23.58019,4.88147,0.60379,159.72382,0.65589,141.62743
pierre,(normal) P motion_data.csv,normal_work,104.029,normal,normal_work,1.91023,259.27594,39.08912,267.11842,18.62244,5.38801,0.61694,162.02397,0.61748,144.01327
pierre,(normal) P motion_data.csv,normal_work,105.029,normal,normal_work,1.70746,259.27594,26.12737,254.8061,7.06637,9.52136,0.72807,165.17487,0.69359,147.24331
pierre,(normal) P motion_data.csv,normal_work,106.029,normal,normal_work,2.56076,304.2915,35.19533,341.93669,6.27918,13.00166,0.67784,149.53709,0.78268,143.07149
pierre,(normal) P motion_data.csv,normal_work,107.029,normal,normal_work,2.56076,304.2915,35.19533,330.89292,40.13107,54.27026,0.62406,149.79683,0.76442,135.00292
pierre,(normal) P motion_data.csv,normal_work,108.029,normal,normal_work,2.23077,218.71045,40.38115,283.73445,33.21569,25.40276,0.59076,144.10918,0.71289,108.71767
pierre,(normal) P motion_data.csv,normal_work,109.029,normal,normal_work,2.35788,234.83061,40.38115,292.46148,31.14111,11.35434,0.73073,139.61477,0.48505,91.74388
pierre,(normal) P motion_data.csv,normal_work,110.029,normal,normal_work,2.35788,251.86682,46.2089,279.52487,25.9504,8.29561,0.80182,137.99885,0.26492,58.54344
pierre,(normal) P motion_data.csv,normal_work,111.029,normal,normal_work,2.1282,251.86682,46.2089,278.41773,9.10224,11.83421,0.76025,118.85605,0.13498,38.78575
pierre,(normal) P motion_data.csv,normal_work,112.029,normal,normal_work,3.20721,272.33207,68.05036,301.58277,14.99327,13.04677,0.51377,93.49398,0.12289,24.01267
ziqian,ziqian_die_data.csv,fall_like,64.05,fall,fall_recovery,2.69863,317.04675,34.92656,324.10562,17.93026,24.73883,0.37129,136.3183,0.1216,53.03087
ziqian,ziqian_near_miss_ die.csv,near_miss,58.46,near_miss,near_miss,4.88124,969.90084,81.42118,1000.96766,69.34509,68.52224,0.20957,145.87235,0.17768,95.4654
ziqian,ziqian_normal_work_data.csv,normal_work,3.104,normal,normal_work,1.00218,11.77288,0.28656,5.6651,16.94758,20.79778,0.29572,156.7184,0.32334,177.69487
ziqian,ziqian_normal_work_data.csv,normal_work,4.104,normal,normal_work,0.99905,11.77288,0.28656,6.6071,31.22597,5.71582,0.30203,221.55883,0.31054,155.75731
ziqian,ziqian_normal_work_data.csv,normal_work,5.104,normal,normal_work,1.59375,489.40896,17.09652,222.21999,28.18023,7.19772,0.33518,195.79561,0.27977,160.49173
ziqian,ziqian_normal_work_data.csv,normal_work,6.104,normal,normal_work,1.89805,489.40896,17.09652,403.06154,19.3185,9.20184,0.33416,184.44945,0.25239,161.14516
ziqian,ziqian_normal_work_data.csv,normal_work,7.104,normal,normal_work,2.03416,373.19634,11.04978,429.32475,4.8067,10.64948,0.31703,154.06741,0.24827,166.38472
ziqian,ziqian_normal_work_data.csv,normal_work,8.104,normal,normal_work,2.03416,363.40292,28.78207,408.92764,22.01928,18.99091,0.29562,157.15114,0.2438,157.85113
ziqian,ziqian_normal_work_data.csv,normal_work,9.104,normal,normal_work,1.79395,295.84866,28.78207,316.15491,25.1124,24.77082,0.2618,158.97204,0.25919,150.45454
ziqian,ziqian_normal_work_data.csv,normal_work,10.104,normal,normal_work,1.64302,295.84866,17.64674,293.98392,25.702,22.29392,0.23036,166.39044,0.26459,137.05422
ziqian,ziqian_normal_work_data.csv,normal_work,11.104,normal,normal_work,1.73032,277.57322,11.56945,296.13198,23.75566,25.17561,0.2143,159.15849,0.32447,160.79851
ziqian,ziqian_normal_work_data.csv,normal_work,12.104,normal,normal_work,1.73032,277.57322,11.22974,320.16834,5.98648,4.25459,0.27028,148.61173,0.33586,161.02717
ziqian,ziqian_normal_work_data.csv,normal_work,13.104,normal,normal_work,1.4604,250.5792,15.09495,326.03545,4.71087,0.86708,0.28185,141.00017,0.35416,152.26028
ziqian,ziqian_normal_work_data.csv,normal_work,14.104,normal,normal_work,1.62163,258.65504,15.09495,327.70369,1.81733,7.32766,0.30042,145.52811,0.33498,145.19864
ziqian,ziqian_normal_work_data.csv,normal_work,15.104,normal,normal_work,1.62294,258.65504,15.76971,282.50992,0.61112,11.77062,0.31107,175.9367,0.22178,117.08069
ziqian,ziqian_normal_work_data.csv,normal_work,16.104,normal,normal_work,1.62294,233.55915,15.76971,269.111,5.01627,8.97549,0.36068,150.49978,0.19814,144.82886
ziqian,ziqian_normal_work_data.csv,normal_work,17.104,normal,normal_work,1.67762,213.43251,9.04316,271.82806,10.58291,6.7533,0.35776,145.08882,0.16428,156.09036
ziqian,ziqian_normal_work_data.csv,normal_work,18.104,normal,normal_work,1.72902,254.93488,9.96961,354.00197,15.56631,9.80164,0.2292,113.29157,0.17583,146.82642
ziqian,ziqian_normal_work_data.csv,normal_work,19.104,normal,normal_work,1.72902,254.93488,11.87796,334.80935,12.47457,10.63401,0.20261,141.64289,0.23974,139.46451
ziqian,ziqian_normal_work_data.csv,normal_work,20.104,normal,normal_work,1.81447,302.90993,22.06024,229.67241,4.13233,4.93022,0.16847,148.59492,0.28813,140.28934
ziqian,ziqian_normal_work_data.csv,normal_work,21.104,normal,normal_work,1.81447,302.90993,22.06024,243.53361,5.18,2.23478,0.14028,154.11564,0.38772,154.54743
ziqian,ziqian_normal_work_data.csv,normal_work,22.104,normal,normal_work,1.46061,238.7688,9.44915,260.10655,6.7178,11.31914,0.19845,142.35975,0.39326,171.8539
ziqian,ziqian_normal_work_data.csv,normal_work,23.104,normal,normal_work,1.42714,238.7688,13.02321,295.23265,4.99939,6.61687,0.26961,138.53621,0.36013,168.92227
ziqian,ziqian_normal_work_data.csv,normal_work,24.104,normal,normal_work,1.42714,206.84966,13.02321,332.6889,5.08972,5.18781,0.37938,139.42901,0.31459,168.15256
ziqian,ziqian_normal_work_data.csv,normal_work,25.104,normal,normal_work,1.42162,213.82963,15.88066,285.78822,9.28065,7.06561,0.41282,172.65585,0.50969,152.30768
ziqian,ziqian_normal_work_data.csv,normal_work,26.104,normal,normal_work,1.69927,281.67598,19.60028,215.42097,7.08898,2.10016,0.36635,174.54365,0.49791,152.75706
ziqian,ziqian_normal_work_data.csv,normal_work,27.104,normal,normal_work,1.70179,281.67598,23.31342,287.6398,1.81222,0.49645,0.30239,164.34142,0.49662,167.19411
ziqian,ziqian_normal_work_data.csv,normal_work,28.104,normal,normal_work,1.90065,306.30593,30.87696,377.85161,11.1832,2.97149,0.43685,151.32538,0.36105,151.61337
ziqian,ziqian_normal_work_data.csv,normal_work,29.104,normal,normal_work,1.90065,306.30593,30.87696,354.02034,9.64656,12.86114,0.537,154.8691,0.19439,137.40601
ziqian,ziqian_normal_work_data.csv,normal_work,30.104,normal,normal_work,1.71202,270.31319,12.12026,282.823,7.97909,15.87171,0.53011,169.61731,0.21575,124.25822
ziqian,ziqian_normal_work_data.csv,normal_work,31.104,normal,normal_work,2.99633,271.07722,40.90215,305.00405,8.62078,0.67025,0.38547,151.88643,0.24784,141.47016
ziqian,ziqian_normal_work_data.csv,normal_work,32.104,normal,normal_work,2.99633,271.07722,64.6685,305.99371,3.24403,8.64909,0.19912,146.2822,0.25974,132.88283
ziqian,ziqian_normal_work_data.csv,normal_work,33.104,normal,normal_work,2.76487,268.78391,64.6685,305.27144,6.49858,6.63138,0.16306,122.32019,0.27283,142.8184
ziqian,ziqian_normal_work_data.csv,normal_work,34.104,normal,normal_work,1.88106,288.03805,9.5671,327.6365,14.16072,4.70291,0.26357,137.7319,0.19456,144.68626
ziqian,ziqian_normal_work_data.csv,normal_work,35.104,normal,normal_work,1.88106,288.03805,9.5671,288.81979,6.3005,4.64449,0.26667,142.04229,0.2197,122.4891
ziqian,ziqian_normal_work_data.csv,normal_work,36.104,normal,normal_work,1.41055,222.71849,6.59224,237.4439,11.29892,5.8429,0.26774,138.97124,0.21172,118.69814
ziqian,ziqian_normal_work_data.csv,normal_work,37.104,normal,normal_work,1.93551,295.12919,19.04651,241.60493,11.0214,11.74646,0.20599,150.28331,0.16748,86.55695
ziqian,ziqian_normal_work_data.csv,normal_work,38.104,normal,normal_work,1.93551,295.12919,19.04651,295.42808,15.46668,14.44948,0.22053,131.78579,0.15302,87.4217
ziqian,ziqian_normal_work_data.csv,normal_work,39.104,normal,normal_work,1.87901,293.04073,13.88696,265.63931,12.63398,14.42003,0.22201,126.77756,0.17511,102.89715
ziqian,ziqian_normal_work_data.csv,normal_work,40.104,normal,normal_work,1.57906,293.01168,13.19816,272.90038,0.82599,2.88628,0.14958,81.24995,0.27195,128.98976
ziqian,ziqian_normal_work_data.csv,normal_work,41.104,normal,normal_work,1.57906,293.01168,12.614,293.87705,4.05782,6.78748,0.13966,85.28026,0.26147,137.20941
ziqian,ziqian_normal_work_data.csv,normal_work,42.104,normal,normal_work,1.38108,237.96697,11.09689,201.90173,1.73201,5.33189,0.17916,100.31186,0.39405,189.82842
ziqian,ziqian_normal_work_data.csv,normal_work,43.104,normal,normal_work,1.2987,157.80824,7.62532,153.4407,6.21696,5.30668,0.18103,118.47916,0.39346,225.28823
ziqian,ziqian_normal_work_data.csv,normal_work,44.104,normal,normal_work,1.29402,176.16994,12.65123,177.16226,5.40479,6.2701,0.26797,129.89325,0.35861,233.45193
ziqian,ziqian_normal_work_data.csv,normal_work,45.104,normal,normal_work,1.36938,176.16994,12.65123,205.07829,1.2873,14.75909,0.40192,167.41829,0.415,208.57864
ziqian,ziqian_normal_work_data.csv,normal_work,46.104,normal,normal_work,1.36938,195.57658,11.45178,223.44734,8.19814,16.00831,0.42071,225.96405,0.59491,160.41444
ziqian,ziqian_normal_work_data.csv,normal_work,47.104,normal,normal_work,1.97488,338.89514,30.70892,280.35907,9.13154,30.2152,0.36287,228.65075,0.63855,153.90982
ziqian,ziqian_normal_work_data.csv,normal_work,48.104,normal,normal_work,2.02004,364.90323,30.70892,310.29665,13.90665,20.33678,0.33559,229.18437,0.58837,123.76874
ziqian,ziqian_normal_work_data.csv,normal_work,49.104,normal,normal_work,2.15442,440.57113,29.95903,466.44566,10.19124,7.98206,0.55549,162.66937,0.70211,168.03004
ziqian,ziqian_normal_work_data.csv,normal_work,50.104,normal,normal_work,2.15442,440.57113,29.95903,515.20458,23.14388,5.44958,0.66748,158.22243,0.61493,203.34223
ziqian,ziqian_normal_work_data.csv,normal_work,51.104,normal,normal_work,2.09492,356.15701,42.86804,413.11265,78.93476,13.1864,0.6196,117.94475,0.66107,255.68252
ziqian,ziqian_normal_work_data.csv,normal_work,52.104,normal,normal_work,2.80499,295.65979,42.86804,330.86379,18.79933,9.22916,0.59313,151.19045,0.64965,238.36807
ziqian,ziqian_normal_work_data.csv,normal_work,53.104,normal,normal_work,2.80499,209.41203,55.23563,253.47929,7.61025,15.92836,0.63831,187.29149,0.63068,214.69358
ziqian,ziqian_normal_work_data.csv,normal_work,54.104,normal,normal_work,2.32582,196.34022,55.23563,255.63569,22.88886,24.81372,0.65578,259.24223,0.56459,149.84933
ziqian,ziqian_normal_work_data.csv,normal_work,55.104,normal,normal_work,1.75524,285.4987,32.11851,263.01778,108.85195,107.08976,0.64834,255.92586,0.46846,133.76943
ziqian,ziqian_normal_work_data.csv,normal_work,56.104,normal,normal_work,2.6203,433.76657,46.85966,400.87219,98.10256,91.91883,0.58461,221.22958,0.38796,124.65944
ziqian,ziqian_normal_work_data.csv,normal_work,57.104,normal,normal_work,2.80293,433.76657,48.79227,526.69594,53.13595,44.10524,0.60707,159.49373,0.16157,120.52134
ziqian,ziqian_normal_work_data.csv,normal_work,58.104,normal,normal_work,2.80293,522.48831,48.79227,545.50203,10.24633,1.96366,0.5048,141.03787,0.15206,122.52847
ziqian,ziqian_normal_work_data.csv,normal_work,59.104,normal,normal_work,2.3854,522.48831,43.33146,384.45743,5.6802,4.03054,0.4056,117.11307,0.15943,132.78255
ziqian,ziqian_normal_work_data.csv,normal_work,60.104,normal,normal_work,2.3854,237.09397,51.43032,300.23292,4.63759,9.9371,0.16436,117.35229,0.16753,136.89003
ziqian,ziqian_normal_work_data.csv,normal_work,61.104,normal,normal_work,2.29717,237.09397,51.43032,271.87464,16.1389,17.75757,0.15242,117.52072,0.263,158.70594
ziqian,ziqian_normal_work_data.csv,normal_work,62.104,normal,normal_work,1.29369,212.10481,4.72528,202.40548,5.02151,3.28436,0.16299,134.60943,0.41502,164.66113
ziqian,ziqian_normal_work_data.csv,normal_work,63.104,normal,normal_work,1.39541,212.10481,9.90546,235.99554,5.39412,13.9261,0.14898,135.13837,0.5743,152.18315
ziqian,ziqian_normal_work_data.csv,normal_work,64.104,normal,normal_work,1.50869,220.84415,12.76985,259.87599,3.90144,12.89024,0.26244,163.69516,0.52823,107.96223
ziqian,ziqian_normal_work_data.csv,normal_work,65.104,normal,normal_work,1.50869,220.84415,12.76985,245.09887,9.94656,8.22191,0.31983,161.08902,0.5044,80.44399
ziqian,ziqian_normal_work_data.csv,normal_work,66.104,normal,normal_work,1.35997,208.81214,10.66139,251.19035,9.3823,4.55395,0.52574,164.09315,0.21213,45.63912
ziqian,ziqian_normal_work_data.csv,normal_work,67.104,normal,normal_work,1.50162,220.29471,13.4102,294.01955,10.31922,5.12617,0.56988,117.64049,0.04862,53.84182
ziqian,ziqian_normal_work_data.csv,normal_work,68.104,normal,normal_work,2.36317,522.73324,17.56143,350.85769,7.76447,13.00967,0.54496,91.69245,0.06857,98.91092
ziqian,ziqian_normal_work_data.csv,normal_work,69.104,normal,normal_work,2.36317,522.73324,36.31385,345.53851,3.16668,18.62963,0.22792,44.5188,0.10046,137.32513
ziqian,ziqian_normal_work_data.csv,normal_work,70.104,normal,normal_work,2.31333,289.85601,36.31385,235.96977,4.90374,33.42438,0.03655,40.19267,0.10576,145.60681
ziqian,ziqian_normal_work_data.csv,normal_work,71.104,normal,normal_work,2.05574,144.86184,27.10022,133.26048,15.14444,70.84864,0.04826,92.46605,0.20956,147.00133
ziqian,ziqian_normal_work_data.csv,normal_work,72.104,normal,normal_work,1.13095,118.18894,1.64782,79.01915,17.68959,69.65802,0.10779,144.73663,0.24469,141.57318
ziqian,ziqian_normal_work_data.csv,normal_work,73.104,normal,normal_work,1.06121,72.01073,1.13891,63.08432,34.25026,68.23916,0.10732,148.7082,0.24537,128.96993
ziqian,ziqian_normal_work_data.csv,normal_work,74.104,normal,normal_work,1.07045,302.53819,4.68926,187.83427,52.24888,51.56096,0.18358,148.536,0.20948,97.45958
ziqian,ziqian_normal_work_data.csv,normal_work,75.104,normal,normal_work,1.25698,323.85874,6.20308,338.32694,69.85981,51.00591,0.2373,154.51751,0.14736,77.24837
ziqian,ziqian_normal_work_data.csv,normal_work,76.104,normal,normal_work,1.25698,323.85874,7.55138,296.57673,71.5735,62.13906,0.26152,149.9043,0.10179,87.15693
ziqian,ziqian_normal_work_data.csv,normal_work,77.104,normal,normal_work,1.71114,400.39716,9.82389,229.79138,52.94793,48.96433,0.22349,96.77406,0.10687,110.31685
ziqian,ziqian_normal_work_data.csv,normal_work,78.104,normal,normal_work,1.71114,412.12055,11.91692,317.7069,27.97427,28.50022,0.15392,71.3005,0.09972,103.41666
ziqian,ziqian_normal_work_data.csv,normal_work,79.104,normal,normal_work,1.59559,494.71907,11.91692,308.72184,23.5769,18.31596,0.08748,90.50131,0.14204,116.70163
ziqian,ziqian_normal_work_data.csv,normal_work,80.104,normal,normal_work,1.59559,494.71907,11.90509,143.4029,60.59284,52.07619,0.1134,108.59788,0.17551,148.25217
ziqian,ziqian_normal_work_data.csv,normal_work,81.104,normal,normal_work,1.22799,146.57143,4.98073,130.90824,66.42714,33.93737,0.10012,104.5585,0.18418,151.2238
ziqian,ziqian_normal_work_data.csv,normal_work,82.104,normal,normal_work,1.23229,151.81542,9.10826,225.74656,6.36681,54.81731,0.11779,106.41391,0.1762,131.35189
ziqian,ziqian_normal_work_data.csv,normal_work,83.104,normal,normal_work,1.23229,171.7719,9.10826,196.71914,12.87196,72.34948,0.16602,135.06828,0.07985,99.93459
ziqian,ziqian_normal_work_data.csv,normal_work,84.104,normal,normal_work,1.11469,171.7719,7.0839,202.56945,24.15085,75.52268,0.19562,161.01043,0.10454,104.50186
ziqian,ziqian_normal_work_data.csv,normal_work,85.104,normal,normal_work,1.31847,169.02485,7.7219,211.09188,61.64005,81.00887,0.18923,145.29967,0.2932,129.50809
ziqian,ziqian_normal_work_data.csv,normal_work,86.104,normal,normal_work,1.58228,254.64671,9.86813,277.79522,81.36124,46.68568,0.06902,99.57764,0.29287,117.94194
ziqian,ziqian_normal_work_data.csv,normal_work,87.104,normal,normal_work,1.58228,365.07682,11.37772,367.56305,70.77449,24.60952,0.08593,85.27843,0.28261,79.42236
ziqian,ziqian_normal_work_data.csv,normal_work,88.104,normal,normal_work,1.17773,365.07682,11.37772,280.02497,66.52443,20.8188,0.20545,121.69917,0.22335,27.01429
ziqian,ziqian_normal_work_data.csv,normal_work,89.104,normal,normal_work,1.03554,229.90468,4.69464,148.23633,44.58692,19.41651,0.31724,138.1347,0.0003,0.7934
ziqian,ziqian_normal_work_data.csv,normal_work,90.104,normal,normal_work,1.14621,172.75777,3.3154,128.23989,22.58487,22.8244,0.30613,93.08185,0.00038,0.70889
ziqian,ziqian_normal_work_data.csv,normal_work,91.104,normal,normal_work,1.44379,347.06584,11.64203,290.05541,50.60757,50.08779,0.24191,31.51285,0.00051,0.62302
ziqian,ziqian_normal_work_data.csv,normal_work,92.104,normal,normal_work,2.32666,358.45902,38.2447,340.00444,51.16362,50.83094,0.00023,0.8646,0.00065,0.52865
ziqian,ziqian_normal_work_data.csv,normal_work,93.104,normal,normal_work,2.32666,358.45902,38.2447,125.95286,49.67303,49.48997,0.0004,0.77206,0.00039,0.40721
ziqian,ziqian_normal_work_data.csv,normal_work,94.104,normal,normal_work,0.9985,1.81474,0.01002,2.10948,34.33019,35.40896,0.00044,0.66437,0.00017,0.41295
ziqian,ziqian_normal_work_data.csv,normal_work,95.104,normal,normal_work,0.9979,3.12005,0.01002,1.54441,2.43518,2.86993,0.00064,0.54239,0.0,0.40742
ziqian,ziqian_normal_work_data.csv,normal_work,96.104,normal,normal_work,0.99825,4.33415,0.02363,1.29304,2.07012,2.07012,0.00041,0.40215,0.00024,0.38669
ziqian,ziqian_normal_work_data.csv,normal_work,97.104,normal,normal_work,0.99825,4.33415,0.02363,1.20274,1.28367,1.28367,0.00019,0.42101,0.00036,0.37957
ziqian,ziqian_normal_work_data.csv,normal_work,98.104,normal,normal_work,0.9973,2.80556,0.02132,0.96562,1.28367,1.81515,0.0,0.41506,0.00039,0.37996
ziqian,ziqian_normal_work_data.csv,normal_work,99.104,normal,normal_work,0.9973,0.66212,0.02132,0.82203,1.1443,1.72617,0.00015,0.38641,0.00041,0.38983
ziqian,ziqian_normal_work_data.csv,normal_work,100.104,normal,normal_work,0.99644,0.45532,0.0,0.84837,0.57267,1.28443,0.00034,0.37984,0.00038,0.38913
ziqian,ziqian_normal_work_data.csv,normal_work,101.104,normal,normal_work,0.99644,0.49575,0.0,0.78909,0.57359,0.81312,0.00035,0.37616,0.008,2.02303
ziqian,ziqian_normal_work_data.csv,normal_work,102.104,normal,normal_work,0.99644,0.49575,0.0,0.74128,0.57359,0.81312,0.0004,0.38611,0.20712,108.06897
ziqian,ziqian_normal_work_data.csv,normal_work,103.104,normal,normal_work,0.99644,0.47379,0.01882,0.73918,0.81312,1.0286,0.0004,0.38937,0.32135,168.5482
ziqian,ziqian_normal_work_data.csv,normal_work,104.104,normal,normal_work,0.99644,0.42355,0.01882,0.74301,0.81312,67.28861,0.0,0.39086,0.54043,246.83889
ziqian,ziqian_normal_work_data.csv,normal_work,105.104,normal,normal_work,0.99654,0.45651,0.02133,0.75479,0.81312,134.95416,0.11028,53.85781,0.5891,286.19566
ziqian,ziqian_normal_work_data.csv,normal_work,106.104,normal,normal_work,0.99654,0.45651,0.02133,0.77664,0.5731,134.22325,0.3219,167.98435,0.53733,249.4897
ziqian,ziqian_normal_work_data.csv,normal_work,107.104,normal,normal_work,0.99654,0.45021,0.0,0.76537,65.22696,134.38178,0.44636,246.4804,0.58194,253.83742
ziqian,ziqian_normal_work_data.csv,normal_work,108.104,normal,normal_work,1.2133,205.01357,6.3742,33.54495,137.3292,134.244,0.60037,280.35433,0.559,230.3498
ziqian,ziqian_normal_work_data.csv,normal_work,109.104,normal,normal_work,1.48976,538.14455,23.61574,428.9821,135.80557,129.38113,0.47654,243.8446,0.51875,208.35048
ziqian,ziqian_normal_work_data.csv,normal_work,110.104,normal,normal_work,1.95894,538.14455,29.4103,611.28765,135.79869,128.95512,0.57849,251.27749,0.42947,179.59034
ziqian,ziqian_normal_work_data.csv,normal_work,111.104,normal,normal_work,2.67981,481.06068,33.3962,466.50835,136.22176,131.24736,0.5869,247.44416,0.35883,157.97133
ziqian,ziqian_normal_work_data.csv,normal_work,112.104,normal,normal_work,2.67981,481.06068,33.3962,511.65823,66.1518,65.74908,0.55411,226.02127,0.33513,147.97656
